<?xml version="1.0" encoding="UTF-8"?>
<beans xmlns="http://www.springframework.org/schema/beans"
	xmlns:xsi="http://www.w3.org/2001/XMLSchema-instance"
	xmlns:context="http://www.springframework.org/schema/context"
	xmlns:p="http://www.springframework.org/schema/p"
	xsi:schemaLocation="http://www.springframework.org/schema/beans
    http://www.springframework.org/schema/beans/spring-beans.xsd
    http://www.springframework.org/schema/context
    http://www.springframework.org/schema/context/spring-context.xsd">
    
    <bean name="pan" class="com.ty.PanCard" p:panno="COBL7785R" p:address="Alnavar"></bean>
    
    <bean name="person" class="com.ty.Person" p:name="viru" p:phno="8860345678" p:email="viru@gmail.com">
    <property name="card">
    <ref bean="pan"></ref>
    </property>
    </bean>
    
</beans>